[{"lEquations":["X = 49 - 13"],"lSolutions":["36"],"sQuestion":"Jason found 49 seashells and 48 starfish on the beach . He gave 13 of the seashells to Tim . How many seashells does Jason now have ? ","iIndex":1},{"lEquations":["X = 29 + 11"],"lSolutions":["40"],"sQuestion":"Joan grew 29 carrots and 14 watermelons . Jessica grew 11 carrots . How many carrots did they grow in all ? ","iIndex":2},{"lEquations":["X = 39 - 24"],"lSolutions":["15"],"sQuestion":"Sally had 39 baseball cards , and 9 were torn . Sara bought 24 of Sally 's baseball cards . How many baseball cards does Sally have now ? ","iIndex":3},{"lEquations":["X = 32 - 23"],"lSolutions":["9"],"sQuestion":"Dan has 32 green and 38 violet marbles . Mike took 23 of Dan 's green marbles . How many green marbles does Dan now have ? ","iIndex":4},{"lEquations":["X = 18 + 42"],"lSolutions":["60"],"sQuestion":"Jason has 18 books and he has read 9 of them . Mary has 42 books . How many books do they have together ? ","iIndex":5},{"lEquations":["X = 32 + 31"],"lSolutions":["63"],"sQuestion":"Jason grew 32 watermelons and 22 cantelopes . Dan grew 31 watermelons . How many watermelons did they grow in total ? ","iIndex":6},{"lEquations":["X = 66 - 52"],"lSolutions":["14"],"sQuestion":"Benny found 66 seashells and 49 starfish on the beach . He gave 52 of the seashells to Jason . How many seashells does Benny now have ? ","iIndex":7},{"lEquations":["X = 41 + 12"],"lSolutions":["53"],"sQuestion":"There are 41 crayons and 26 pencils in the drawer . Sam placed 12 crayons in the drawer . How many crayons are now there in total ? ","iIndex":8},{"lEquations":["X = 87 - 75"],"lSolutions":["12"],"sQuestion":"Mike had 33 quarters and 87 nickels in his bank . His dad borrowed 75 nickels from Mike . How many nickels does he have now ? ","iIndex":9},{"lEquations":["X = 86 - 25"],"lSolutions":["61"],"sQuestion":"Sam has 86 yellow and 20 green marbles . Joan took 25 of Sam 's yellow marbles . How many yellow marbles does Sam now have ? ","iIndex":10},{"lEquations":["X = 97 - 15"],"lSolutions":["82"],"sQuestion":"Dan had 97 baseball cards , and 8 were torn . Sam bought 15 of Dan 's baseball cards . How many baseball cards does Dan have now ? ","iIndex":11},{"lEquations":["X = 41 + 57"],"lSolutions":["98"],"sQuestion":"There are 41 short trees and 44 tall trees currently in the park . Park workers will plant 57 short trees today . How many short trees will the park have when the workers are finished ? ","iIndex":12},{"lEquations":["X = 25 + 32"],"lSolutions":["57"],"sQuestion":"Alyssa picked 25 limes and Mike picked 32 limes . Tom picked 12 plums . How many limes were picked in all ? ","iIndex":13},{"lEquations":["X = 679 - 172"],"lSolutions":["507"],"sQuestion":"Tim found 679 seashells and 110 starfish on the beach . He gave 172 of the seashells to Sara . How many seashells does Tim now have ? ","iIndex":14},{"lEquations":["X = 139 + 131"],"lSolutions":["270"],"sQuestion":"There are 139 erasers and 118 scissors in the drawer . Jason placed 131 erasers in the drawer . How many erasers are now there in total ? ","iIndex":15},{"lEquations":["X = 123 + 104"],"lSolutions":["227"],"sQuestion":"Mike picked 123 oranges and Melanie picked 104 oranges . Fred picked 130 apples . How many oranges were picked in total ? ","iIndex":16},{"lEquations":["X = 695 - 133"],"lSolutions":["562"],"sQuestion":"Joan had 695 Pokemon cards , and 6 were torn . Sara bought 133 of Joan 's Pokemon cards . How many Pokemon cards does Joan have now ? ","iIndex":17},{"lEquations":["X = 113 + 129"],"lSolutions":["242"],"sQuestion":"Sally grew 113 turnips and 118 pumpkins . Mary grew 129 turnips . How many turnips did they grow in total ? ","iIndex":18},{"lEquations":["X = 792 - 233"],"lSolutions":["559"],"sQuestion":"Sara has 792 black and 122 red marbles . Fred took 233 of Sara 's black marbles . How many black marbles does Sara now have ? ","iIndex":19},{"lEquations":["X = 864 - 395"],"lSolutions":["469"],"sQuestion":"Joan 's high school played 864 baseball games this year , 128 of the games were played at night . She attended 395 games . How many baseball games did Joan miss ? ","iIndex":20},{"lEquations":["X = 112 + 105"],"lSolutions":["217"],"sQuestion":"There are 112 short trees and 119 tall trees currently in the park . Park workers will plant 105 short trees today . How many short trees will the park have when the workers are finished ? ","iIndex":21},{"lEquations":["X = 783 - 271"],"lSolutions":["512"],"sQuestion":"Sara had 100 pennies and 783 quarters in her bank . Her dad borrowed 271 quarters from Sara . How many quarters does she have now ? ","iIndex":22},{"lEquations":["X = 9 - 3"],"lSolutions":["6"],"sQuestion":"A restaurant made 9 hamburgers and 4 hot dogs to serve during lunch . Only 3 hamburgers were actually served . How many hamburgers were over ? ","iIndex":23},{"lEquations":["X = 7 - 3"],"lSolutions":["4"],"sQuestion":"Melanie picked 7 plums and 4 oranges from the orchard . She gave 3 plums to Sam . How many plums does she have now ? ","iIndex":24},{"lEquations":["X = 6 - 2"],"lSolutions":["4"],"sQuestion":"There are 6 short bushes and 4 tall trees currently in the park . Park workers had to cut down 2 short bushes that were damaged . How many short bushes will the park have when the workers are finished ? ","iIndex":25},{"lEquations":["X = 8 - 4"],"lSolutions":["4"],"sQuestion":"There were a total of 8 football games this year , 4 are played at night . Keith missed 4 of the games . How many football games did Keith go to in total ? ","iIndex":26},{"lEquations":["X = 9 - 4"],"lSolutions":["5"],"sQuestion":"There are 9 pencils and 4 rulers in the drawer . Sally took 4 pencils out of the drawer . How many pencils are there now ? ","iIndex":27},{"lEquations":["X = 7 - 3"],"lSolutions":["4"],"sQuestion":"Jason has 7 violet balloons and 4 red balloons . He lost 3 of the violet balloons . How many violet balloons does Jason have now ? ","iIndex":28},{"lEquations":["X = 7 - 4"],"lSolutions":["3"],"sQuestion":"Dan had 7 potatoes and 4 cantelopes in the garden . The rabbits ate 4 of the potatoes . How many potatoes does Dan now have ? ","iIndex":29},{"lEquations":["X = 8 - 4"],"lSolutions":["4"],"sQuestion":"Sara had 4 quarters and 8 dimes in her bank . Her sister borrowed 4 dimes . How many dimes does Sara have now ? ","iIndex":30},{"lEquations":["X = 8 - 4"],"lSolutions":["4"],"sQuestion":"Sandy 's dog had 8 puppies and 4 had spots . She gave 4 to her friends . How many puppies does she now have ? ","iIndex":31},{"lEquations":["X = 6 - 4"],"lSolutions":["2"],"sQuestion":"Mike found 6 seashells and 4 starfish , but 4 of the seashells were broken . How many unbroken seashells did Mike find ? ","iIndex":32},{"lEquations":["X = 30 - 18"],"lSolutions":["12"],"sQuestion":"Melanie had 30 baseball cards , and 9 were torn . Sara bought 18 of Melanie 's baseball cards . How many baseball cards does Melanie have now ? ","iIndex":33},{"lEquations":["X = 35 - 28"],"lSolutions":["7"],"sQuestion":"Sara picked 35 pears and 27 apples from the orchard . She gave 28 pears to Dan . How many pears does Sara have ? ","iIndex":34},{"lEquations":["X = 35 - 27"],"lSolutions":["8"],"sQuestion":"Jessica grew 35 watermelons and 30 carrots , but the rabbits ate 27 watermelons . How many watermelons does Jessica have ? ","iIndex":35},{"lEquations":["X = 35 - 17"],"lSolutions":["18"],"sQuestion":"Nancy found 35 seashells and 25 starfish on the beach . She gave 17 of the seashells to Jason . How many seashells does Nancy now have ? ","iIndex":36},{"lEquations":["X = 47 - 24"],"lSolutions":["23"],"sQuestion":"Joan has 47 green and 48 red marbles . Fred took 24 of Joan 's green marbles . How many green marbles does Joan now have ? ","iIndex":37},{"lEquations":["X = 42 - 13"],"lSolutions":["29"],"sQuestion":"There are 42 walnut trees and 12 orange trees currently in the park . Park workers had to cut down 13 walnut trees that were damaged . How many walnut trees will be in the park when the workers are finished ? ","iIndex":38},{"lEquations":["X = 31 - 20"],"lSolutions":["11"],"sQuestion":"Sandy had 36 pennies and 31 nickels in her bank . Her dad borrowed 20 nickels from Sandy . How many nickels does she have now ? ","iIndex":39},{"lEquations":["X = 34 - 22"],"lSolutions":["12"],"sQuestion":"There are 34 pencils and 49 crayons in the drawer . Dan took 22 pencils from the drawer . How many pencils are now in the drawer ? ","iIndex":40},{"lEquations":["X = 12.32 + 11.54"],"lSolutions":["23.86"],"sQuestion":"Sally paid $ 12.32 total for peaches , after a 3 dollar coupon , and $ 11.54 for cherries . In total , how much money did Sally spend ? ","iIndex":41},{"lEquations":["X = 11.76 + 14.54"],"lSolutions":["26.3"],"sQuestion":"Dan spent $ 11.76 on a snake toy , and a cage cost him $ 14.54 . Dan also found a dollar bill on the ground . What was the total cost of Dan 's purchases ? ","iIndex":42},{"lEquations":["X = 13.04 + 12.27"],"lSolutions":["25.31"],"sQuestion":"Mary went to the mall . She spent $ 13.04 on a shirt and $ 12.27 on a jacket . She went to 2 shops . In total , how much money did Mary spend on clothing ? ","iIndex":43},{"lEquations":["X = 130.30 + 11.24"],"lSolutions":["141.54"],"sQuestion":"Dan joined his school 's band . He bought a clarinet for $ 130.30 , and a song book which was $ 11.24 . Dan found $ 12.32 in his pocket . How much did Dan spend at the music store ? ","iIndex":44},{"lEquations":["X = 9.46 + 9.56"],"lSolutions":["19.02"],"sQuestion":"Tom bought a skateboard for $ 9.46 , and spent $ 9.56 on marbles . Tom also spent $ 14.50 on shorts . In total , how much did Tom spend on toys ? ","iIndex":45},{"lEquations":["X = 1.08 + 4.80"],"lSolutions":["5.88"],"sQuestion":"Mary got fast food for lunch . Mary spent $ 1.08 on soup and $ 4.80 on a salad . Mary paid with a 20 dollar bill . What was the total of the lunch bill ? ","iIndex":46},{"lEquations":["X = 118.54 + 106.33"],"lSolutions":["224.87"],"sQuestion":"For his car , Mike spent $ 118.54 on speakers and $ 106.33 on new tires . Mike wanted 3 CD 's for $ 4.58 but decided not to . In total , how much did Mike spend on car parts ? ","iIndex":47},{"lEquations":["X = 13.60 + 5.06"],"lSolutions":["18.66"],"sQuestion":"Tom purchased a Batman game for $ 13.60 , and a Superman game for $ 5.06 . Tom already owns 2 games . How much did Tom spend on video games ? ","iIndex":48},{"lEquations":["X = 15 + 14.82 + 12.51"],"lSolutions":["42.33"],"sQuestion":"Joan spent $ 15 on shorts and $ 14.82 on a jacket , and $ 12.51 on a shirt . She went to 3 shops . In total , how much money did Joan spend on clothing ? ","iIndex":49},{"lEquations":["X = 149.16 + 9.98 + 4.14"],"lSolutions":["163.28"],"sQuestion":"Joan joined her school 's band . She bought a trumpet for $ 149.16 , a music tool for $ 9.98 , and a song book which was $ 4.14 . Joan found $ 8.65 in her pocket . How much did Joan spend at the music store ? ","iIndex":50},{"lEquations":["X = 6.95 + 7.90 + 7.73"],"lSolutions":["22.58"],"sQuestion":"Melanie bought a Batman game for $ 6.95 , a strategy game for $ 7.90 , and a Superman game for $ 7.73 . Melanie already owns 4 games . How much did Melanie spend on video games ? ","iIndex":51},{"lEquations":["X = 6.51 + 5.79 + 12.51"],"lSolutions":["24.81"],"sQuestion":"Keith spent $ 6.51 on a rabbit toy , $ 5.79 on pet food , and a cage cost him $ 12.51 . He found a dollar bill on the ground . What was the total cost of Keith 's purchases ? ","iIndex":52},{"lEquations":["X = 136.01 + 139.38 + 112.46"],"lSolutions":["387.85"],"sQuestion":"Keith spent $ 136.01 on speakers , $ 139.38 on a CD player , and $ 112.46 on new tires . He wanted 3 CD 's for $ 6.16 , but did n't buy them . In total , how much did he spend ? ","iIndex":53},{"lEquations":["X = 14.88 + 4.88 + 5.86"],"lSolutions":["25.62"],"sQuestion":"Joan bought toy cars for $ 14.88 , a skateboard for $ 4.88 , and got toy trucks for $ 5.86 . She spent $ 14.55 on pants . In total , how much did Joan spend on toys ? ","iIndex":54},{"lEquations":["X - 6 = 52"],"lSolutions":["58"],"sQuestion":"After paying 6 dollars for the pie , Mary has 52 dollars , her friend has 43 dollars . How much money did she have before buying the pie ? ","iIndex":55},{"lEquations":["46 + X = 60"],"lSolutions":["14"],"sQuestion":"There were 46 bales of hay in the barn and 32 bales in the shed . Tom stacked bales in the barn today . There are now 60 bales of hay in the barn . How many bales did he store in the barn ? ","iIndex":56},{"lEquations":["X = 7 - 2"],"lSolutions":["5"],"sQuestion":"Mary is baking a cake . The recipe calls for 7 cups of flour and 3 cups of sugar . She already put in 2 cups of flour . How many cups of flour does she need to add ? ","iIndex":57},{"lEquations":["23 + X = 86"],"lSolutions":["63"],"sQuestion":"Last week Fred had 23 dollars and Jason had 46 dollars . Fred washed cars over the weekend and now has 86 dollars . How much money did Fred make washing cars ? ","iIndex":58},{"lEquations":["31 + X = 95"],"lSolutions":["64"],"sQuestion":"There are 31 short trees and 32 tall trees currently in the park . Park workers will plant short trees today . When the workers are finished there will be 95 short trees in the park . How many short trees did the workers plant today ? ","iIndex":59},{"lEquations":["9 + X = 15"],"lSolutions":["6"],"sQuestion":"There were 9 red orchids and 3 white orchids in the vase . Sally cut some red orchids from her flower garden . There are now 15 red orchids in the vase . How many red orchids did she cut ? ","iIndex":60},{"lEquations":["24 + X = 61"],"lSolutions":["37"],"sQuestion":"Sara had 24 peaches and 37 pears at her fruit dish . She went to the orchard and picked peaches . There are now 61 peaches . how many did she pick ? ","iIndex":61},{"lEquations":["72 - X = 28"],"lSolutions":["44"],"sQuestion":"Joan found 72 seashells and 12 starfishes on the beach . She gave Alyssa some of her seashells . She has 28 seashell . How many seashells did she give to Alyssa ? ","iIndex":62},{"lEquations":["X = 6 + 3"],"lSolutions":["9"],"sQuestion":"There are 6 pencils and 7 rulers in the drawer . Benny placed 3 pencils in the drawer . How many pencils are now there in total ? ","iIndex":63},{"lEquations":["X = 3 + 4"],"lSolutions":["7"],"sQuestion":"Sara has 3 green and 5 red marbles . Tom has 4 green marbles . How many green marbles do they have in total ? ","iIndex":64},{"lEquations":["X = 8 + 9"],"lSolutions":["17"],"sQuestion":"Joan grew 8 watermelons and 4 turnips . Tom grew 9 watermelons . How many watermelons did they grow in total ? ","iIndex":65},{"lEquations":["X = 2 + 9"],"lSolutions":["11"],"sQuestion":"There are 2 maple trees and 5 popular trees currently in the park . Park workers will plant 9 maple trees today . How many maple trees will the park have when the workers are finished ? ","iIndex":66},{"lEquations":["X = 2 + 5"],"lSolutions":["7"],"sQuestion":"Mary found 2 seashells and Keith found 5 seashells on the beach . When they cleaned them , they discovered that 9 were cracked . How many seashells did they find together ? ","iIndex":67},{"lEquations":["X = 8 + 7"],"lSolutions":["15"],"sQuestion":"Mike picked 8 pears and Jason picked 7 pears from the pear tree . Fred picked 6 apples from the apple tree . How many pears were picked in total ? ","iIndex":68},{"lEquations":["X = 9 + 3"],"lSolutions":["12"],"sQuestion":"Tim had 7 quarters and 9 nickels in his bank . His dad gave him 3 nickels and 5 pennies . How many nickels does Tim have now ? ","iIndex":69},{"lEquations":["X = 7 + 5"],"lSolutions":["12"],"sQuestion":"A restaurant served 7 slices of pie during lunch and 5 during dinner today . It served 8 of them yesterday . How many slices of pie were served today ? ","iIndex":70},{"lEquations":["X = 4 + 9"],"lSolutions":["13"],"sQuestion":"Tom went to 4 hockey games this year , but missed 7 . He went to 9 games last year . How many hockey games did Tom go to in all ? ","iIndex":71},{"lEquations":["X - 2 = 6"],"lSolutions":["8"],"sQuestion":"Sam 's dog had puppies and 8 had spots . He gave 2 to his friends . He now has 6 puppies . How many puppies did he have to start with ? ","iIndex":72},{"lEquations":["X = 7 + 3 + 6"],"lSolutions":["16"],"sQuestion":"Mike picked 7 apples , Nancy picked 3 apples , and Keith picked 6 apples and 4 pears , at the farm . How many apples were picked in total ? ","iIndex":73},{"lEquations":["X = 7 + 5 + 4"],"lSolutions":["16"],"sQuestion":"There are 7 dogwood trees currently in the park . Park workers will plant 5 dogwood trees today and 4 dogwood trees tomorrow . It took 8 workers to finish the work . How many dogwood trees will the park have when the workers are finished ? ","iIndex":74},{"lEquations":["X - 7 - 4 = 5"],"lSolutions":["16"],"sQuestion":"Dan 's cat had kittens and 5 had spots . He gave 7 to Tim and 4 to Jason . He now has 5 kittens . How many kittens did he have to start with ? ","iIndex":75},{"lEquations":["X = 7 + 6 + 4"],"lSolutions":["17"],"sQuestion":"There are 7 crayons in the drawer and 6 crayons on the desk . Sam placed 4 crayons and 8 scissors on the desk . How many crayons are now there in total ? ","iIndex":76},{"lEquations":["X = 7 + 9 + 2"],"lSolutions":["18"],"sQuestion":"Sally had 8 pennies and 7 nickels in her bank . Her dad gave her 9 nickels and her mother gave her 2 nickels . How many nickels does Sally have now ? ","iIndex":77},{"lEquations":["X = 9 + 8 + 7"],"lSolutions":["24"],"sQuestion":"Nancy went to 9 football games this month . She went to 8 games last month , and plans to go to 7 games next month . She paid 3 dollars for the tickets . How many games will she attend in all ? ","iIndex":78},{"lEquations":["X = 6 + 8 + 7"],"lSolutions":["21"],"sQuestion":"Keith found 6 seashells , Jessica found 8 seashells , and Tim found 7 seashells on the beach . When they cleaned them , they discovered that 3 were cracked . How many seashells did they find together ? ","iIndex":79},{"lEquations":["X = 2 + 9 + 4"],"lSolutions":["15"],"sQuestion":"Nancy grew 2 onions , Dan grew 9 onions , and Mike grew 4 onions . They worked for 6 days on the farm . How many onions did they grow in total ? ","iIndex":80},{"lEquations":["X = 5 + 6 + 7"],"lSolutions":["18"],"sQuestion":"Fred has 5 yellow balloons , Sam has 6 yellow balloons , and Mary has 7 yellow balloons . The balloons cost 5 dollars . How many yellow balloons do they have in total ? ","iIndex":81},{"lEquations":["X = 4 + 9 + 7"],"lSolutions":["20"],"sQuestion":"A restaurant served 4 pies during lunch and 9 during dinner today . The restaurant served 7 pies and 2 pizzas yesterday . How many pies were served in total ? ","iIndex":82},{"lEquations":["X = 37 + 13"],"lSolutions":["50"],"sQuestion":"Tim found 37 seashells and Sally found 13 seashells on the beach . When they cleaned them , they discovered that 25 were cracked . How many seashells did they find together ? ","iIndex":83},{"lEquations":["X = 15 + 33"],"lSolutions":["48"],"sQuestion":"Tom had 27 pennies and 15 dimes in his bank . His dad gave him 33 dimes and 49 nickels . How many dimes does he have now ? ","iIndex":84},{"lEquations":["X = 39 + 13"],"lSolutions":["52"],"sQuestion":"There are 39 scissors and 22 pencils in the drawer . Dan placed 13 scissors in the drawer . How many scissors are now there in total ? ","iIndex":85},{"lEquations":["X = 16 + 21"],"lSolutions":["37"],"sQuestion":"Sam has 16 blue and 25 green balloons . Alyssa has 21 blue balloons . How many blue balloons do they have in all ? ","iIndex":86},{"lEquations":["X = 22 + 13"],"lSolutions":["35"],"sQuestion":"There are 22 orchid bushes and 40 orange trees currently in the park . Park workers will plant 13 orchid bushes today . How many orchid bushes will the park have when the workers are finished ? ","iIndex":87},{"lEquations":["X = 33 + 23"],"lSolutions":["56"],"sQuestion":"Mary had 33 Pokemon cards , and 6 were torn . Sam gave Mary 23 new Pokemon cards . How many Pokemon cards does Mary have now ? ","iIndex":88},{"lEquations":["X = 14 + 41"],"lSolutions":["55"],"sQuestion":"Mary picked 14 oranges and Jason picked 41 oranges . Keith picked 38 apples . How many oranges were picked in all ? ","iIndex":89},{"lEquations":["X = 37 + 11"],"lSolutions":["48"],"sQuestion":"Jason grew 37 watermelons and 30 pumpkins . Sandy grew 11 watermelons . How many watermelons did they grow in total ? ","iIndex":90},{"lEquations":["X = 15 + 39"],"lSolutions":["54"],"sQuestion":"Mike went to 15 basketball games this year , but missed 41 . He went to 39 games last year . How many basketball games did Mike go to in total ? ","iIndex":91},{"lEquations":["X = 17 + 27 + 19"],"lSolutions":["63"],"sQuestion":"Melanie had 10 quarters and 17 pennies in her bank . Her dad gave her 27 pennies and her mother gave her 19 pennies . How many pennies does Melanie have now ? ","iIndex":92},{"lEquations":["X = 24 + 42 + 13"],"lSolutions":["79"],"sQuestion":"Joan grew 24 pumpkins , Keith grew 42 pumpkins , and Alyssa grew 13 pumpkins . They worked for 34 days on the farm . How many pumpkins did they grow in all ? ","iIndex":93},{"lEquations":["X = 18 + 26 + 40"],"lSolutions":["84"],"sQuestion":"Mary had 18 baseball cards , and 8 were torn . Fred gave Mary 26 new baseball cards . Mary bought 40 baseball cards . How many baseball cards does Mary have now ? ","iIndex":94},{"lEquations":["X = 11 + 13 + 15"],"lSolutions":["39"],"sQuestion":"Alyssa went to 11 soccer games this year , but missed 12 . She went to 13 games last year and plans to go to 15 games next year . How many soccer games will Alyssa go to in all ? ","iIndex":95},{"lEquations":["X = 48 + 30 + 39"],"lSolutions":["117"],"sQuestion":"There are 48 erasers in the drawer and 30 erasers on the desk . Alyssa placed 39 erasers and 45 rulers on the desk . How many erasers are now there in total ? ","iIndex":96},{"lEquations":["X = 47 + 37 + 25"],"lSolutions":["109"],"sQuestion":"There are 47 orchid bushes currently in the park . Park workers will plant 37 orchid bushes today and 25 orchid bushes tomorrow . It took 35 workers to finish the work . How many orchid bushes will the park have when the workers are finished ? ","iIndex":97},{"lEquations":["X = 10 + 46 + 16"],"lSolutions":["72"],"sQuestion":"Fred has 10 red balloons , Sam has 46 red balloons , and Dan has 16 red balloons . The balloons cost 10 dollars . How many red balloons do they have in all ? ","iIndex":98},{"lEquations":["X = 45 + 23 + 32"],"lSolutions":["100"],"sQuestion":"Mary found 45 seashells , Melanie found 23 seashells , and Jason found 32 seashells on the beach . When they cleaned them , they discovered that 31 were cracked . How many seashells did they find together ? ","iIndex":99},{"lEquations":["X = 36 + 32 + 35"],"lSolutions":["103"],"sQuestion":"Fred picked 36 limes , Alyssa picked 32 limes , and Nancy picked 35 limes and 18 pears , at the farm . How many limes were picked in total ? ","iIndex":100},{"lEquations":["X = 79 - 32"],"lSolutions":["47"],"sQuestion":"Benny received 79 dollars and 9 movie tickets for his birthday . He went to a sporting goods store and bought a baseball glove , baseball , and bat . He had 32 dollars over , how much did he spent on the baseball gear ? ","iIndex":101},{"lEquations":["43 + X = 54"],"lSolutions":["11"],"sQuestion":"There are 43 maple trees and 22 orange trees currently in the park . Park workers will plant maple trees today . When the workers are finished there will be 54 maple trees in the park . How many maple trees did the workers plant today ? ","iIndex":102},{"lEquations":["14 + X = 85"],"lSolutions":["71"],"sQuestion":"Dan had 14 peaches and 10 pears at his roadside fruit dish . He went to the orchard and picked peaches to stock up . There are now 85 peaches . how many did he pick ? ","iIndex":103},{"lEquations":["41 + X = 87"],"lSolutions":["46"],"sQuestion":"Melanie has 41 books and 31 magazines in her library . She bought several books at a yard sale over the weekend . She now has 87 books in her library . How many books did she buy at the yard sale ? ","iIndex":104},{"lEquations":["2 + X = 18"],"lSolutions":["16"],"sQuestion":"There were 2 red orchids and 4 white orchids in the vase . Jessica cut some red orchids from her flower garden . There are now 18 red orchids in the vase . How many red orchids did she cut ? ","iIndex":105},{"lEquations":["12 + X = 75"],"lSolutions":["63"],"sQuestion":"Last week Tim had 12 dollars and Keith had 36 dollars . Tim washed cars over the weekend and now has 75 dollars . How much money did Tim make washing cars ? ","iIndex":106},{"lEquations":["75 - X = 62"],"lSolutions":["13"],"sQuestion":"Joan found 75 seashells and 14 starfishes on the beach . She gave Tim some of her seashells . She has 62 seashell . How many seashells did she give to Tim ? ","iIndex":107},{"lEquations":["32 + X = 98"],"lSolutions":["66"],"sQuestion":"There were 32 bales of hay in the barn and 26 bales in the shed . Jason stacked bales in the barn today . There are now 98 bales of hay in the barn . How many bales did he store in the barn ? ","iIndex":108},{"lEquations":["X = 8 - 4"],"lSolutions":["4"],"sQuestion":"Jessica is baking a cake . The recipe calls for 8 cups of flour and 2 cups of sugar . She already put in 4 cups of flour . How many cups of flour does she need to add ? ","iIndex":109},{"lEquations":["X = 3 + 2"],"lSolutions":["5"],"sQuestion":"Keith picked 3 pears and Jason picked 2 pears from the pear tree . Joan picked 5 apples from the apple tree . How many pears were picked in total ? ","iIndex":110},{"lEquations":["X = 9 - 2"],"lSolutions":["7"],"sQuestion":"Sally has 9 orange balloons and 4 blue balloons . She lost 2 of the orange balloons . How many orange balloons does Sally have now ? ","iIndex":111},{"lEquations":["X = 8 + 6"],"lSolutions":["14"],"sQuestion":"Sandy grew 8 carrots and 7 turnips . Mary grew 6 carrots . How many carrots did they grow in all ? ","iIndex":112},{"lEquations":["X = 5 + 4"],"lSolutions":["9"],"sQuestion":"There are 5 scissors and 3 pencils in the drawer . Jason placed 4 scissors in the drawer . How many scissors are now there in total ? ","iIndex":113},{"lEquations":["X = 8 - 4"],"lSolutions":["4"],"sQuestion":"Alyssa 's cat had 8 kittens and 8 had spots . She gave 4 to her friends . How many kittens does she now have ? ","iIndex":114},{"lEquations":["X = 8 - 4"],"lSolutions":["4"],"sQuestion":"Sam had 7 pennies and 8 dimes in his bank . His sister borrowed 4 dimes . How many dimes does Sam have now ? ","iIndex":115},{"lEquations":["X = 9 + 2"],"lSolutions":["11"],"sQuestion":"A restaurant served 9 hot dogs during lunch and 2 during dinner today . It served 5 of them yesterday . How many hot dogs were served today ? ","iIndex":116},{"lEquations":["X = 3 + 9"],"lSolutions":["12"],"sQuestion":"There are 3 short trees and 6 tall trees currently in the park . Park workers will plant 9 short trees today . How many short trees will the park have when the workers are finished ? ","iIndex":117},{"lEquations":["X = 38 - 18"],"lSolutions":["20"],"sQuestion":"Mary had 21 dimes and 38 pennies in her bank . Her dad borrowed 18 pennies from Mary . How many pennies does she have now ? ","iIndex":118},{"lEquations":["X = 17 + 10"],"lSolutions":["27"],"sQuestion":"Alyssa picked 17 plums and Jason picked 10 plums . Melanie picked 35 pears . How many plums were picked in all ? ","iIndex":119},{"lEquations":["X = 48 + 29"],"lSolutions":["77"],"sQuestion":"There are 48 pencils and 40 scissors in the drawer . Joan placed 29 pencils in the drawer . How many pencils are now there in all ? ","iIndex":120},{"lEquations":["X = 37 + 20"],"lSolutions":["57"],"sQuestion":"There are 37 short bushes and 30 tall trees currently in the park . Park workers will plant 20 short bushes today . How many short bushes will the park have when the workers are finished ? ","iIndex":121}]
