[{"lEquations":["X = 70 - 27"],"lSolutions":["43"],"sQuestion":"Joan found 70 seashells on the beach . she gave Sam some of her seashells . She has 27 seashell . How many seashells did she give to Sam ? ","iIndex":1},{"lEquations":["X = 54 - 28"],"lSolutions":["26"],"sQuestion":"There were 28 bales of hay in the barn . Tim stacked bales in the barn today . There are now 54 bales of hay in the barn . How many bales did he store in the barn ? ","iIndex":2},{"lEquations":["X = 8 - 2"],"lSolutions":["6"],"sQuestion":"Mary is baking a cake . The recipe wants 8 cups of flour . She already put in 2 cups . How many cups does she need to add ? ","iIndex":3},{"lEquations":["X = 12 - 4"],"lSolutions":["8"],"sQuestion":"Sara 's high school played 12 basketball games this year . The team won most of their games . They were defeated during 4 games . How many games did they win ? ","iIndex":4},{"lEquations":["X = 55 - 22"],"lSolutions":["33"],"sQuestion":"There are 22 walnut trees currently in the park . Park workers will plant walnut trees today . When the workers are finished there will be 55 walnut trees in the park . How many walnut trees did the workers plant today ? ","iIndex":5},{"lEquations":["X = 86 - 34"],"lSolutions":["52"],"sQuestion":"Mike had 34 peaches at his roadside fruit dish . He went to the orchard and picked peaches to stock up . There are now 86 peaches . how many did he pick ? ","iIndex":6},{"lEquations":["X = 16 - 6"],"lSolutions":["10"],"sQuestion":"There were 6 roses in the vase . Mary cut some roses from her flower garden . There are now 16 roses in the vase . How many roses did she cut ? ","iIndex":7},{"lEquations":["X = 4 + 9"],"lSolutions":["13"],"sQuestion":"Joan went to 4 football games this year . She went to 9 games last year . How many football games did Joan go to in all ? ","iIndex":8},{"lEquations":["X = 9 + 8"],"lSolutions":["17"],"sQuestion":"Tom has 9 yellow balloons Sara has 8 yellow balloons . How many yellow balloons do they have in total ? ","iIndex":9},{"lEquations":["X = 4 + 6"],"lSolutions":["10"],"sQuestion":"There are 4 walnut trees currently in the park . Park workers will plant 6 walnut trees today . How many walnut trees will the park have when the workers are finished ? ","iIndex":10},{"lEquations":["X = 9 + 7"],"lSolutions":["16"],"sQuestion":"Sam had 9 dimes in his bank . His dad gave him 7 dimes . How many dimes does Sam have now ? ","iIndex":11},{"lEquations":["X = 7 + 5"],"lSolutions":["12"],"sQuestion":"Alyssa 's dog had puppies . She gave 7 to her friends . She now has 5 puppies . How many puppies did she have to start with ? ","iIndex":12},{"lEquations":["X = 9 + 6 "],"lSolutions":["15"],"sQuestion":"A restaurant served 9 pizzas during lunch and 6 during dinner today . How many pizzas were served today ? ","iIndex":13},{"lEquations":["X = 2 + 3"],"lSolutions":["5"],"sQuestion":"There are 2 pencils in the drawer . Tim placed 3 pencils in the drawer . How many pencils are now there in total ? ","iIndex":14},{"lEquations":["X = 6 + 8"],"lSolutions":["14"],"sQuestion":"Joan found 6 seashells and Jessica found 8 seashells on the beach . How many seashells did they find together ? ","iIndex":15},{"lEquations":["X = 6 + 3"],"lSolutions":["9"],"sQuestion":"Sandy grew 6 carrots . Sam grew 3 carrots . How many carrots did they grow in total ? ","iIndex":16},{"lEquations":["X = 2 + 9"],"lSolutions":["11"],"sQuestion":"Benny picked 2 apples and Dan picked 9 apples from the apple tree . How many apples were picked in total ? ","iIndex":17},{"lEquations":["X = 9 + 7 + 5"],"lSolutions":["21"],"sQuestion":"Sally found 9 seashells , Tom found 7 seashells , and Jessica found 5 seashells on the beach . How many seashells did they find together ? ","iIndex":18},{"lEquations":["X = 3 + 6 + 9"],"lSolutions":["18"],"sQuestion":"Tim 's cat had kittens . He gave 3 to Jessica and 6 to Sara . He now has 9 kittens . How many kittens did he have to start with ? ","iIndex":19},{"lEquations":["X = 9 + 5 + 2"],"lSolutions":["16"],"sQuestion":"Joan has 9 blue balloons , Sally has 5 blue balloons , and Jessica has 2 blue balloons . How many blue balloons do they have in total ? ","iIndex":20},{"lEquations":["X = 7 + 8 + 4"],"lSolutions":["19"],"sQuestion":"Melanie had 7 dimes in her bank . Her dad gave her 8 dimes and her mother gave her 4 dimes . How many dimes does Melanie have now ? ","iIndex":21},{"lEquations":["X = 5 + 6 + 3"],"lSolutions":["14"],"sQuestion":"A restaurant served 5 cakes during lunch and 6 during dinner today . The restaurant served 3 cakes yesterday . How many cakes were served in total ? ","iIndex":22},{"lEquations":["X = 4 + 9 + 3"],"lSolutions":["16"],"sQuestion":"Melanie picked 4 plums , Dan picked 9 plums , and Sally picked 3 plums from the plum tree . How many plums were picked in total ? ","iIndex":23},{"lEquations":["X = 7 + 3 + 2"],"lSolutions":["12"],"sQuestion":"There are 7 dogwood trees currently in the park . Park workers will plant 3 dogwood trees today and 2 dogwood trees tomorrow . How many dogwood trees will the park have when the workers are finished ? ","iIndex":24},{"lEquations":["X = 4 + 5 + 9"],"lSolutions":["18"],"sQuestion":"Sara grew 4 onions , Sally grew 5 onions , and Fred grew 9 onions . How many onions did they grow in all ? ","iIndex":25},{"lEquations":["X = 43 + 24"],"lSolutions":["67"],"sQuestion":"Jason has 43 blue and 16 red marbles . Tom has 24 blue marbles . How many blue marbles do they have in all ? ","iIndex":26},{"lEquations":["X = 18 + 47"],"lSolutions":["65"],"sQuestion":"Sam found 18 seashells and Mary found 47 seashells on the beach . How many seashells did they find together ? ","iIndex":27},{"lEquations":["X = 23 + 28"],"lSolutions":["51"],"sQuestion":"Jason grew 23 watermelons and 18 turnips . Nancy grew 28 watermelons . How many watermelons did they grow in total ? ","iIndex":28},{"lEquations":["X = 11 + 14"],"lSolutions":["25"],"sQuestion":"There are 11 rulers and 34 crayons in the drawer . Tim placed 14 rulers in the drawer . How many rulers are now there in all ? ","iIndex":29},{"lEquations":["X = 45 + 11"],"lSolutions":["56"],"sQuestion":"Sara picked 45 pears and Sally picked 11 pears from the pear tree . How many pears were picked in total ? ","iIndex":30},{"lEquations":["X = 20 + 21"],"lSolutions":["41"],"sQuestion":"Keith has 20 books . Jason has 21 books . How many books do they have together ? ","iIndex":31},{"lEquations":["X = 49 + 25"],"lSolutions":["74"],"sQuestion":"Jason had 49 quarters in his bank . His dad gave him 25 quarters . How many quarters does he have now ? ","iIndex":32},{"lEquations":["X = 15 + 43"],"lSolutions":["58"],"sQuestion":"Tom found 15 seashells and Fred found 43 seashells on the beach . When they cleaned them , they discovered that 29 were cracked . How many seashells did they find together ? ","iIndex":33},{"lEquations":["X = 31 + 24"],"lSolutions":["55"],"sQuestion":"Sara has 31 red and 15 green balloons . Sandy has 24 red balloons . How many red balloons do they have in total ? ","iIndex":34},{"lEquations":["X = 37 + 10"],"lSolutions":["47"],"sQuestion":"Joan picked 37 oranges and Sara picked 10 oranges . Alyssa picked 30 pears . How many oranges were picked in total ? ","iIndex":35},{"lEquations":["X = 36 + 11"],"lSolutions":["47"],"sQuestion":"Fred went to 36 basketball games this year , but missed 35 . He went to 11 games last year . How many basketball games did Fred go to in total ? ","iIndex":36},{"lEquations":["X = 33 + 27 "],"lSolutions":["60"],"sQuestion":"There are 33 pencils and 44 crayons in the drawer . Joan placed 27 pencils in the drawer . How many pencils are now there in total ? ","iIndex":37},{"lEquations":["X = 24 + 39"],"lSolutions":["63"],"sQuestion":"Sam had 49 pennies and 24 nickels in his bank . His dad gave him 39 nickels and 31 quarters . How many nickels does he have now ? ","iIndex":38},{"lEquations":["X = 42 + 47"],"lSolutions":["89"],"sQuestion":"Dan grew 42 turnips and 38 cantelopes . Jessica grew 47 turnips . How many turnips did they grow in total ? ","iIndex":39},{"lEquations":["X = 33 + 44"],"lSolutions":["77"],"sQuestion":"There are 33 walnut trees currently in the park . Park workers will plant 44 walnut trees today . How many walnut trees will the park have when the workers are finished ? ","iIndex":40},{"lEquations":["X = 21 + 49"],"lSolutions":["70"],"sQuestion":"Sara had 21 quarters in her bank . Her dad gave her 49 quarters . How many quarters does she have now ? ","iIndex":41},{"lEquations":["X = 41 + 30"],"lSolutions":["71"],"sQuestion":"There are 41 pencils in the drawer . Mike placed 30 pencils in the drawer . How many pencils are now there in total ? ","iIndex":42},{"lEquations":["X = 10 + 38"],"lSolutions":["48"],"sQuestion":"Joan has 10 books . Tom has 38 books . How many books do they have together ? ","iIndex":43},{"lEquations":["X = 40 + 41"],"lSolutions":["81"],"sQuestion":"Joan has 40 blue balloons Melanie has 41 blue balloons . How many blue balloons do they have in total ? ","iIndex":44},{"lEquations":["X = 38 + 44"],"lSolutions":["82"],"sQuestion":"Fred grew 38 cantelopes . Tim grew 44 cantelopes . How many cantelopes did they grow in total ? ","iIndex":45},{"lEquations":["X = 14 + 29"],"lSolutions":["43"],"sQuestion":"Sam went to 14 football games this year . He went to 29 games last year . How many football games did Sam go to in all ? ","iIndex":46},{"lEquations":["X = 18 + 41"],"lSolutions":["59"],"sQuestion":"Mary found 18 seashells and Jessica found 41 seashells on the beach . How many seashells did they find together ? ","iIndex":47},{"lEquations":["X = 39 + 41 + 20"],"lSolutions":["100"],"sQuestion":"There are 39 dogwood trees currently in the park . Park workers will plant 41 dogwood trees today and 20 dogwood trees tomorrow . How many dogwood trees will the park have when the workers are finished ? ","iIndex":48},{"lEquations":["X = 10 + 24 + 33"],"lSolutions":["67"],"sQuestion":"Sandy has 10 books , Benny has 24 books , and Tim has 33 books . How many books do they have together ? ","iIndex":49},{"lEquations":["X = 46 + 47 + 12"],"lSolutions":["105"],"sQuestion":"Jason picked 46 pears , Keith picked 47 pears , and Mike picked 12 pears from the pear tree . How many pears were picked in total ? ","iIndex":50},{"lEquations":["X = 29 + 16 + 20"],"lSolutions":["65"],"sQuestion":"Keith grew 29 cantelopes , Fred grew 16 cantelopes , and Jason grew 20 cantelopes . How many cantelopes did they grow in total ? ","iIndex":51},{"lEquations":["X = 19 + 39 + 25"],"lSolutions":["83"],"sQuestion":"Melanie had 19 dimes in her bank . Her dad gave her 39 dimes and her mother gave her 25 dimes . How many dimes does Melanie have now ? ","iIndex":52},{"lEquations":["X = 37 + 28 + 39"],"lSolutions":["104"],"sQuestion":"Alyssa has 37 blue balloons , Sandy has 28 blue balloons , and Sally has 39 blue balloons . How many blue balloons do they have in all ? ","iIndex":53},{"lEquations":["X = 27 + 41 + 20"],"lSolutions":["88"],"sQuestion":"Sally had 27 Pokemon cards . Dan gave her 41 new Pokemon cards . Sally bought 20 Pokemon cards . How many Pokemon cards does Sally have now ? ","iIndex":54},{"lEquations":["X = 11 + 17 + 16"],"lSolutions":["44"],"sQuestion":"Jason went to 11 football games this month . He went to 17 games last month , and plans to go to 16 games next month . How many games will he attend in all ? ","iIndex":55},{"lEquations":["X = 43 + 19 + 16"],"lSolutions":["78"],"sQuestion":"There are 43 pencils in the drawer and 19 pencils on the desk . Dan placed 16 pencils on the desk . How many pencils are now there in total ? ","iIndex":56},{"lEquations":["35 + X = 56"],"lSolutions":["21"],"sQuestion":"Mike has 35 books in his library . He bought several books at a yard sale over the weekend . He now has 56 books in his library . How many books did he buy at the yard sale ? ","iIndex":57},{"lEquations":["53 + X = 64"],"lSolutions":["11"],"sQuestion":"There are 53 maple trees currently in the park . Park workers will plant maple trees today . When the workers are finished there will be 64 maple trees in the park . How many maple trees did the workers plant today ? ","iIndex":58},{"lEquations":["56 - X = 22"],"lSolutions":["34"],"sQuestion":"Dan found 56 seashells on the beach , he gave Jessica some of his seashells . He has 22 seashell . How many seashells did he give to Jessica ? ","iIndex":59},{"lEquations":["13 + X = 55"],"lSolutions":["42"],"sQuestion":"Sally had 13 peaches at her roadside fruit dish . She went to the orchard and picked peaches to stock up . There are now 55 peaches . how many did she pick ? ","iIndex":60},{"lEquations":["67 - X = 33"],"lSolutions":["34"],"sQuestion":"Benny received 67 dollars for his birthday . He went to a sporting goods store and bought a baseball glove , baseball , and bat . He had 33 dollars over , how much did he spent on the baseball gear ? ","iIndex":61},{"lEquations":["3 + X = 14"],"lSolutions":["11"],"sQuestion":"There were 3 roses in the vase . Alyssa cut some roses from her flower garden . There are now 14 roses in the vase . How many roses did she cut ? ","iIndex":62},{"lEquations":["74 + X = 86"],"lSolutions":["12"],"sQuestion":"Last week Tom had 74 dollars . He washed cars over the weekend and now has 86 dollars . How much money did he make washing cars ? ","iIndex":63},{"lEquations":["73 + X = 96"],"lSolutions":["23"],"sQuestion":"There were 73 bales of hay in the barn . Jason stacked bales in the barn today . There are now 96 bales of hay in the barn . How many bales did he store in the barn ? ","iIndex":64},{"lEquations":["X = 6 + 7"],"lSolutions":["13"],"sQuestion":"Nancy grew 6 potatoes . Sandy grew 7 potatoes . How many potatoes did they grow in total ? ","iIndex":65},{"lEquations":["X = 9 + 3"],"lSolutions":["12"],"sQuestion":"There are 9 crayons in the drawer . Benny placed 3 crayons in the drawer . How many crayons are now there in total ? ","iIndex":66},{"lEquations":["X = 5 + 4"],"lSolutions":["9"],"sQuestion":"There are 5 oak trees currently in the park . Park workers will plant 4 oak trees today . How many oak trees will the park have when the workers are finished ? ","iIndex":67},{"lEquations":["X = 7 - 4"],"lSolutions":["3"],"sQuestion":"There were a total of 7 football games this year . Melanie missed 4 of the games . How many football games did Melanie go to in all ? ","iIndex":68},{"lEquations":["X = 7 - 4"],"lSolutions":["3"],"sQuestion":"Tom found 7 seashells but 4 were broken . How many unbroken seashells did Tom find ? ","iIndex":69},{"lEquations":["X = 7 + 9"],"lSolutions":["16"],"sQuestion":"Sally picked 7 lemons and Mary picked 9 lemons from the lemon tree . How many lemons were picked in total ? ","iIndex":70},{"lEquations":["X = 6 + 9"],"lSolutions":["15"],"sQuestion":"A restaurant served 6 cakes during lunch and 9 during dinner today . How many cakes were served today ? ","iIndex":71},{"lEquations":["X = 8 - 2"],"lSolutions":["6"],"sQuestion":"Joan has 8 orange balloons but lost 2 of them . How many orange balloons does Joan have now ? ","iIndex":72},{"lEquations":["X = 7 - 3"],"lSolutions":["4"],"sQuestion":"Fred had 7 dimes in his bank . His sister borrowed 3 of his dimes . How many dimes does Fred have now ? ","iIndex":73},{"lEquations":["X = 8 - 2"],"lSolutions":["6"],"sQuestion":"Joan 's cat had 8 kittens . She gave 2 to her friends . How many kittens does she have now ? ","iIndex":74},{"lEquations":["X = 34 + 49"],"lSolutions":["83"],"sQuestion":"There are 34 dogwood trees currently in the park . Park workers will plant 49 dogwood trees today . How many dogwood trees will the park have when the workers are finished ? ","iIndex":75},{"lEquations":["X = 27 + 45"],"lSolutions":["72"],"sQuestion":"There are 27 pencils in the drawer . Nancy placed 45 pencils in the drawer . How many pencils are now there in total ? ","iIndex":76},{"lEquations":["X + 14 = 39"],"lSolutions":["25"],"sQuestion":"Benny 's high school played 39 baseball games this year . He attended 14 games . How many baseball games did Benny miss ? ","iIndex":77},{"lEquations":["X = 35 - 18"],"lSolutions":["17"],"sQuestion":"Sam found 35 seashells on the beach , he gave Joan 18 of the seashells . How many seashells does he now have ? ","iIndex":78},{"lEquations":["X = 22 + 20"],"lSolutions":["42"],"sQuestion":"Tim has 22 books . Mike has 20 books . How many books do they have together ? ","iIndex":79},{"lEquations":["X = 87 - 13"],"lSolutions":["74"],"sQuestion":"Mike has 87 baseball cards . Sam bought 13 of Mike 's baseball cards . How many baseball cards does Mike have now ? ","iIndex":80},{"lEquations":["X = 51 + 23"],"lSolutions":["74"],"sQuestion":"Sandy grew 51 pumpkins . Mike grew 23 pumpkins . How many pumpkins did they grow in total ? ","iIndex":81},{"lEquations":["X = 44 + 52"],"lSolutions":["96"],"sQuestion":"Tim has 44 books . Sam has 52 books . How many books do they have together ? ","iIndex":82},{"lEquations":["X = 64 - 14"],"lSolutions":["50"],"sQuestion":"Dan has 64 violet marbles , he gave Mary 14 of the marbles . How many violet marbles does he now have ? ","iIndex":83},{"lEquations":["X = 25 + 73"],"lSolutions":["98"],"sQuestion":"There are 25 popular trees currently in the park . Park workers will plant 73 popular trees today . How many popular trees will the park have when the workers are finished ? ","iIndex":84},{"lEquations":["X = 54 + 22"],"lSolutions":["76"],"sQuestion":"There are 54 scissors in the drawer . Keith placed 22 scissors in the drawer . How many scissors are now there in all ? ","iIndex":85},{"lEquations":["X = 42 + 17"],"lSolutions":["59"],"sQuestion":"Alyssa picked 42 pears and Nancy picked 17 pears from the pear tree . How many pears were picked in all ? ","iIndex":86},{"lEquations":["X = 98 - 93"],"lSolutions":["5"],"sQuestion":"Sam had 98 pennies in his bank . He spent 93 of his pennies . How many pennies does he have now ? ","iIndex":87},{"lEquations":["X = 79 - 63"],"lSolutions":["16"],"sQuestion":"Joan found 79 seashells on the beach , she gave Mike 63 of the seashells . How many seashells does she now have ? ","iIndex":88},{"lEquations":["X = 64 - 32"],"lSolutions":["32"],"sQuestion":"Melanie 's high school played 64 soccer games this year . She attended 32 games . How many soccer games did Melanie miss ? ","iIndex":89},{"lEquations":["X = 110 + 102"],"lSolutions":["212"],"sQuestion":"Sam has 110 books . Joan has 102 books . How many books do they have together ? ","iIndex":90},{"lEquations":["X = 122 + 105"],"lSolutions":["227"],"sQuestion":"Mary picked 122 oranges and Jason picked 105 oranges from the orange tree . How many oranges were picked in total ? ","iIndex":91},{"lEquations":["X = 760 - 418"],"lSolutions":["342"],"sQuestion":"Sally had 760 quarters in her bank . She spent 418 of her quarters . How many quarters does she have now ? ","iIndex":92},{"lEquations":["X = 616 - 147"],"lSolutions":["469"],"sQuestion":"Fred 's high school played 616 baseball games this year . He attended 147 games . How many baseball games did Fred miss ? ","iIndex":93},{"lEquations":["X = 139 + 113"],"lSolutions":["252"],"sQuestion":"Melanie grew 139 turnips . Benny grew 113 turnips . How many turnips did they grow in all ? ","iIndex":94},{"lEquations":["X = 676 - 224"],"lSolutions":["452"],"sQuestion":"Jason has 676 Pokemon cards . Alyssa bought 224 of Jason 's Pokemon cards . How many Pokemon cards does Jason have now ? ","iIndex":95},{"lEquations":["X = 107 + 104"],"lSolutions":["211"],"sQuestion":"There are 107 walnut trees currently in the park . Park workers will plant 104 walnut trees today . How many walnut trees will the park have when the workers are finished ? ","iIndex":96},{"lEquations":["X = 709 - 221"],"lSolutions":["488"],"sQuestion":"Fred has 709 green balloons , he gave Sandy 221 of the balloons . How many green balloons does he now have ? ","iIndex":97},{"lEquations":["X = 115 + 100"],"lSolutions":["215"],"sQuestion":"There are 115 pencils in the drawer . Sara placed 100 pencils in the drawer . How many pencils are now there in all ? ","iIndex":98},{"lEquations":["X = 3 - 2"],"lSolutions":["1"],"sQuestion":"Jason has 3 Pokemon cards . Benny bought 2 of Jason 's Pokemon cards . How many Pokemon cards does Jason have now ? ","iIndex":99},{"lEquations":["X = 8 - 4"],"lSolutions":["4"],"sQuestion":"Mike has 8 orange marbles , he gave Sam 4 of the marbles . How many orange marbles does he now have ? ","iIndex":100},{"lEquations":["X = 5 - 2"],"lSolutions":["3"],"sQuestion":"Joan had 5 dimes in her bank . She spent 2 of her dimes . How many dimes does she have now ? ","iIndex":101},{"lEquations":["X = 2 + 4"],"lSolutions":["6"],"sQuestion":"There are 2 orchid bushes currently in the park . Park workers will plant 4 orchid bushes today . How many orchid bushes will the park have when the workers are finished ? ","iIndex":102},{"lEquations":["X = 6 + 5"],"lSolutions":["11"],"sQuestion":"Sara picked 6 pears and Tim picked 5 pears from the pear tree . How many pears were picked in total ? ","iIndex":103},{"lEquations":["X = 4 - 3"],"lSolutions":["1"],"sQuestion":"Sam grew 4 watermelons , but the rabbits ate 3 watermelons . How many watermelons does Sam have ? ","iIndex":104},{"lEquations":["X - 9 = 4"],"lSolutions":["13"],"sQuestion":"Jason had Pokemon cards . He gave 9 to his friends . He now has 4 Pokemon cards . How many Pokemon cards did he have to start with ? ","iIndex":105},{"lEquations":["X = 7 + 5"],"lSolutions":["12"],"sQuestion":"Mary had 7 nickels in her bank . Her dad gave her 5 nickels . How many nickels does Mary have now ? ","iIndex":106},{"lEquations":["X = 6 + 9"],"lSolutions":["15"],"sQuestion":"Keith grew 6 turnips . Alyssa grew 9 turnips . How many turnips did they grow in all ? ","iIndex":107},{"lEquations":["X = 9 + 3"],"lSolutions":["12"],"sQuestion":"Mary has 9 yellow marbles Joan has 3 yellow marbles . How many yellow marbles do they have in all ? ","iIndex":108},{"lEquations":["X = 6 + 4"],"lSolutions":["10"],"sQuestion":"Sally grew 6 carrots . Fred grew 4 carrots . How many carrots did they grow in all ? ","iIndex":109},{"lEquations":["X = 5 - 2"],"lSolutions":["3"],"sQuestion":"Tom found 5 seashells on the beach . he gave Jessica 2 of the seashells . How many seashells does he now have ? ","iIndex":110},{"lEquations":["X = 5 - 3"],"lSolutions":["2"],"sQuestion":"Fred has 5 baseball cards . Melanie bought 3 of Fred 's baseball cards . How many baseball cards does Fred have now ? ","iIndex":111},{"lEquations":["X = 8 - 3"],"lSolutions":["5"],"sQuestion":"Mary had 8 potatoes in the garden . The rabbits ate 3 of the potatoes . How many potatoes does Mary now have ? ","iIndex":112},{"lEquations":["X = 6 - 4"],"lSolutions":["2"],"sQuestion":"There were a total of 6 soccer games this year . Jessica missed 4 of the games . How many soccer games did Jessica go to in all ? ","iIndex":113},{"lEquations":["X = 9 - 2"],"lSolutions":["7"],"sQuestion":"There are 9 oak trees currently in the park . Park workers had to cut down 2 oak trees that were damaged . How many oak trees will the park have when the workers are finished ? ","iIndex":114},{"lEquations":["X = 8 - 3"],"lSolutions":["5"],"sQuestion":"Jessica had 8 quarters in her bank . Her sister borrowed 3 of her quarters . How many quarters does Jessica have now ? ","iIndex":115},{"lEquations":["X = 9 - 3"],"lSolutions":["6"],"sQuestion":"A restaurant made 9 hamburgers to serve during lunch . Only 3 were actually served . How many hamburgers were over from lunch ? ","iIndex":116},{"lEquations":["X = 7 - 3"],"lSolutions":["4"],"sQuestion":"There are 7 crayons in the drawer . Mary took 3 crayons out of the drawer . How many crayons are there now ? ","iIndex":117},{"lEquations":["X = 9 - 4"],"lSolutions":["5"],"sQuestion":"Dan picked 9 limes and gave Sara 4 of the limes . How many limes does Dan have now ? ","iIndex":118},{"lEquations":["X = 7 - 3"],"lSolutions":["4"],"sQuestion":"Dan found 7 seashells but 3 were broken . How many unbroken seashells did Dan find ? ","iIndex":119},{"lEquations":["X = 9 - 2"],"lSolutions":["7"],"sQuestion":"Joan has 9 blue balloons but lost 2 of them . How many blue balloons does Joan have now ? ","iIndex":120},{"lEquations":["X = 43 - 27"],"lSolutions":["16"],"sQuestion":"Joan picked 43 apples from the orchard , and gave 27 apples to Melanie . How many apples does Joan have now ? ","iIndex":121},{"lEquations":["X = 31 - 13"],"lSolutions":["18"],"sQuestion":"Alyssa 's high school played 31 hockey games this year . She attended 13 games . How many hockey games did Alyssa miss ? ","iIndex":122},{"lEquations":["X = 30 - 16"],"lSolutions":["14"],"sQuestion":"Tom has 30 violet balloons , he gave Fred 16 of the balloons . How many violet balloons does he now have ? ","iIndex":123},{"lEquations":["X = 40 - 22"],"lSolutions":["18"],"sQuestion":"Fred has 40 baseball cards . Keith bought 22 of Fred 's baseball cards . How many baseball cards does Fred have now ? ","iIndex":124},{"lEquations":["X = 47 - 25"],"lSolutions":["22"],"sQuestion":"Fred found 47 seashells on the beach , he gave Jessica 25 of the seashells . How many seashells does he now have ? ","iIndex":125},{"lEquations":["X = 43 - 23"],"lSolutions":["20"],"sQuestion":"Sara grew 43 pumpkins , but the rabbits ate 23 pumpkins . How many pumpkins does Sara have ? ","iIndex":126},{"lEquations":["X = 33 - 26"],"lSolutions":["7"],"sQuestion":"Joan decided to sell all of her old books . She gathered up 33 books to sell . She sold 26 books in a yard sale . How many books does Joan now have ? ","iIndex":127},{"lEquations":["X = 46 - 25"],"lSolutions":["21"],"sQuestion":"There are 46 rulers in the drawer . Tim took 25 rulers from the drawer . How many rulers are now in the drawer ? ","iIndex":128},{"lEquations":["X = 33 - 18"],"lSolutions":["15"],"sQuestion":"There are 33 oak trees currently in the park . Park workers had to cut down 18 oak trees that were damaged . How many oak trees will be in the park when the workers are finished ? ","iIndex":129},{"lEquations":["X = 5.20 + 4.23"],"lSolutions":["9.43"],"sQuestion":"Joan purchased a basketball game for $ 5.20 , and a racing game for $ 4.23 . How much did Joan spend on video games ? ","iIndex":130},{"lEquations":["X = 145.16 + 5.84"],"lSolutions":["151"],"sQuestion":"Mike joined his school 's band . He bought a trumpet for $ 145.16 , and a song book which was $ 5.84 . How much did Mike spend at the music store ? ","iIndex":131},{"lEquations":["X = 5.71 + 6.59"],"lSolutions":["12.3"],"sQuestion":"Alyssa bought some toys . She bought a football for $ 5.71 , and spent $ 6.59 on marbles . In total , how much did Alyssa spend on toys ? ","iIndex":132},{"lEquations":["X = 10.22 + 11.73"],"lSolutions":["21.95"],"sQuestion":"Jessica spent $ 10.22 on a cat toy , and a cage cost her $ 11.73 . What was the total cost of Jessica 's purchases ? ","iIndex":133},{"lEquations":["X = 5.36 + 5.10"],"lSolutions":["10.46"],"sQuestion":"Sara got fast food for lunch . Sara spent $ 5.36 on a hotdog and $ 5.10 on a salad . What was the total of the lunch bill ? ","iIndex":134},{"lEquations":["X = 14.28 + 4.74"],"lSolutions":["19.02"],"sQuestion":"Jason went to the mall on Saturday to buy clothes . He spent $ 14.28 on shorts and $ 4.74 on a jacket . In total , how much money did Jason spend on clothing ? ","iIndex":135},{"lEquations":["X = 12.08 + 9.85"],"lSolutions":["21.93"],"sQuestion":"Alyssa loves eating fruits . Alyssa paid $ 12.08 for grapes , and $ 9.85 for cherries . In total , how much money did Alyssa spend ? ","iIndex":136},{"lEquations":["X = 11.08 + 14.33 + 9.31"],"lSolutions":["34.72"],"sQuestion":"Mary loves eating fruits . Mary paid $ 11.08 for berries , $ 14.33 for apples , and $ 9.31 for peaches . In total , how much money did she spend ? ","iIndex":137},{"lEquations":["X = 13.99 + 12.14 + 7.43"],"lSolutions":["33.56"],"sQuestion":"Sandy went to the mall to buy clothes . She spent $ 13.99 on shorts , $ 12.14 on a shirt , and $ 7.43 on a jacket . How much money did Sandy spend on clothes ? ","iIndex":138},{"lEquations":["X = 142.46 + 8.89 + 7"],"lSolutions":["158.35"],"sQuestion":"Jason joined his school 's band . He bought a flute for $ 142.46 , a music tool for $ 8.89 , and a song book for $ 7 . How much did Jason spend at the music store ? ","iIndex":139},{"lEquations":["X = 14.02 + 9.46 + 12.04"],"lSolutions":["35.52"],"sQuestion":"Tom purchased a football game for $ 14.02 , a strategy game for $ 9.46 , and a Batman game for $ 12.04 . How much did Tom spend on video games ? ","iIndex":140},{"lEquations":["X = 9.05 + 4.95 + 6.52"],"lSolutions":["20.52"],"sQuestion":"Mike bought some toys . He bought marbles for $ 9.05 , a football for $ 4.95 , and spent $ 6.52 on a baseball . In total , how much did Mike spend on toys ? ","iIndex":141}]
